{
    "animation": [
        {
            "name": "Root",
            "time": [0.0, 0.3333, 0.6667, 1.0, 1.3333],
            "transform": [
                [1.0, 0.0, 0.0, -5e-06, 0.0, 0.0, -1.0, 0.000946, 0.0, 1.0, 0.0, 0.610443, 0.0, 0.0, 0.0, 1.0],
                [1.0, 0.0, 0.0, -5e-06, 0.0, 0.0, -1.0, 0.000946, 0.0, 1.0, 0.0, 0.709119, 0.0, 0.0, 0.0, 1.0],
                [1.0, 0.0, 0.0, -5e-06, 0.0, 0.0, -1.0, 0.000946, 0.0, 1.0, 0.0, 0.593467, 0.0, 0.0, 0.0, 1.0],
                [1.0, 0.0, 0.0, -5e-06, 0.0, 0.0, -1.0, 0.000946, 0.0, 1.0, 0.0, 0.773887, 0.0, 0.0, 0.0, 1.0],
                [1.0, 0.0, 0.0, -5e-06, 0.0, 0.0, -1.0, 0.000946, 0.0, 1.0, 0.0, 0.610443, 0.0, 0.0, 0.0, 1.0]
            ]
        },
        {
            "name": "Thigh_R",
            "time": [0.0, 0.3333, 0.6667, 1.0, 1.3333],
            "transform": [
                [1.0, 0.0, 0.0, 0.124994, 0.0, -0.942037, -0.335506, -0.002831, 0.0, 0.335505, -0.942038, -1.2e-05, 0.0, 0.0, 0.0, 1.0],
                [1.0, 1e-06, 0.0, 0.124994, 0.0, -0.653062, 0.757304, -0.002831, 1e-06, -0.757302, -0.653063, -1.2e-05, 0.0, 0.0, 0.0, 1.0],
                [1.0, 0.0, 0.0, 0.124994, 0.0, -0.488573, 0.872523, -0.002831, 0.0, -0.872521, -0.488575, -1.2e-05, 0.0, 0.0, 0.0, 1.0],
                [1.0, 0.0, 0.0, 0.124994, 0.0, -0.991852, 0.12738, -0.002831, 0.0, -0.12738, -0.991854, -1.2e-05, 0.0, 0.0, 0.0, 1.0],
                [1.0, 0.0, 0.0, 0.124994, 0.0, -0.942037, -0.335506, -0.002831, 0.0, 0.335505, -0.942038, -1.2e-05, 0.0, 0.0, 0.0, 1.0]
            ]
        },
        {
            "name": "Leg_R",
            "time": [0.0, 0.3333, 0.6667, 1.0, 1.3333],
            "transform": [
                [1.0, -0.0, 1e-06, 0.0, -0.0, 0.866295, 0.499536, 0.374726, -1e-06, -0.499537, 0.86629, 0.0, 0.0, 0.0, 0.0, 1.0],
                [1.0, -1e-06, 0.0, -0.0, -0.0, -0.117063, 0.993123, 0.374726, -1e-06, -0.993125, -0.117063, 0.0, 0.0, 0.0, 0.0, 1.0],
                [1.0, -1e-06, 1e-06, -0.0, -0.0, 0.497956, 0.867202, 0.374726, -1e-06, -0.867204, 0.497953, 0.0, 0.0, 0.0, 0.0, 1.0],
                [1.0, -0.0, 1e-06, -0.0, -0.0, 0.943666, 0.330907, 0.374726, -1e-06, -0.330908, 0.94366, 0.0, 0.0, 0.0, 0.0, 1.0],
                [1.0, -0.0, 1e-06, 0.0, -0.0, 0.866295, 0.499536, 0.374726, -1e-06, -0.499537, 0.86629, 0.0, 0.0, 0.0, 0.0, 1.0]
            ]
        },
        {
            "name": "Knee_R",
            "time": [0.0, 1.3333],
            "transform": [
                [1.0, 0.0, -0.0, 0.0, -0.0, 0.00567, -0.999984, 0.374726, -0.0, 0.999984, 0.00567, -0.0, 0.0, 0.0, 0.0, 1.0],
                [1.0, 0.0, -0.0, 0.0, -0.0, 0.00567, -0.999984, 0.374726, -0.0, 0.999984, 0.00567, -0.0, 0.0, 0.0, 0.0, 1.0]
            ]
        },
        {
            "name": "Thigh_L",
            "time": [0.0, 0.3333, 0.6667, 1.0, 1.3333],
            "transform": [
                [1.0, 0.0, 0.0, -0.125006, 0.0, -0.591503, 0.806303, -0.002831, 0.0, -0.806302, -0.591503, -1.2e-05, 0.0, 0.0, 0.0, 1.0],
                [1.0, 0.0, 0.0, -0.125006, 0.0, -0.864933, 0.501886, -0.002831, 0.0, -0.501886, -0.864934, -1.2e-05, 0.0, 0.0, 0.0, 1.0],
                [1.0, 0.0, 0.0, -0.125006, 0.0, -0.991961, -0.12654, -0.002831, -0.0, 0.12654, -0.991961, -1.2e-05, 0.0, 0.0, 0.0, 1.0],
                [1.0, 1e-06, 0.0, -0.125006, 0.0, -0.464275, 0.885691, -0.002831, 1e-06, -0.885691, -0.464275, -1.2e-05, 0.0, 0.0, 0.0, 1.0],
                [1.0, 0.0, 0.0, -0.125006, 0.0, -0.591503, 0.806303, -0.002831, 0.0, -0.806302, -0.591503, -1.2e-05, 0.0, 0.0, 0.0, 1.0]
            ]
        },
        {
            "name": "Leg_L",
            "time": [0.0, 0.3333, 0.6667, 1.0, 1.3333],
            "transform": [
                [1.0, -1e-06, 1e-06, 0.0, -0.0, 0.630956, 0.775819, 0.374726, -1e-06, -0.775818, 0.630956, 0.0, 0.0, 0.0, 0.0, 1.0],
                [1.0, -0.0, 1e-06, 0.0, -0.0, 0.779767, 0.62607, 0.374726, -1e-06, -0.626069, 0.779767, 0.0, 0.0, 0.0, 0.0, 1.0],
                [1.0, -1e-06, 0.0, 0.0, -0.0, 0.339576, 0.940579, 0.374726, -1e-06, -0.940578, 0.339576, 0.0, 0.0, 0.0, 0.0, 1.0],
                [1.0, -1e-06, 0.0, 0.0, -0.0, -0.283187, 0.959065, 0.374726, -1e-06, -0.959064, -0.283187, 0.0, 0.0, 0.0, 0.0, 1.0],
                [1.0, -1e-06, 1e-06, 0.0, -0.0, 0.630956, 0.775819, 0.374726, -1e-06, -0.775818, 0.630956, 0.0, 0.0, 0.0, 0.0, 1.0]
            ]
        },
        {
            "name": "Knee_L",
            "time": [0.0, 1.3333],
            "transform": [
                [1.0, 0.0, -0.0, 0.0, -0.0, 0.00567, -0.999984, 0.411814, -0.0, 0.999984, 0.00567, -0.00021, 0.0, 0.0, 0.0, 1.0],
                [1.0, 0.0, -0.0, 0.0, -0.0, 0.00567, -0.999984, 0.411814, -0.0, 0.999984, 0.00567, -0.00021, 0.0, 0.0, 0.0, 1.0]
            ]
        },
        {
            "name": "Torso",
            "time": [0.0, 0.3333, 0.6667, 1.0, 1.3333],
            "transform": [
                [0.855599, 0.0, -0.517639, 0.0, 0.0, 1.0, 0.0, 0.05, 0.517639, 0.0, 0.855599, 0.0, 0.0, 0.0, 0.0, 1.0],
                [0.880903, -0.003569, -0.473282, 0.0, 0.036102, 0.997565, 0.059672, 0.05, 0.471917, -0.069651, 0.878887, 0.0, 0.0, 0.0, 0.0, 1.0],
                [0.8293, 0.003413, -0.558793, 0.0, 0.036102, 0.997565, 0.059672, 0.05, 0.557636, -0.069659, 0.827158, 0.0, 0.0, 0.0, 0.0, 1.0],
                [0.894267, -0.005595, -0.447499, 0.0, 0.036102, 0.997565, 0.059672, 0.05, 0.446076, -0.069518, 0.892291, 0.0, 0.0, 0.0, 0.0, 1.0],
                [0.855599, 0.0, -0.517639, 0.0, 0.0, 1.0, 0.0, 0.05, 0.517639, 0.0, 0.855599, 0.0, 0.0, 0.0, 0.0, 1.0]
            ]
        },
        {
            "name": "Chest",
            "time": [0.0, 0.3333, 0.6667, 1.0, 1.3333],
            "transform": [
                [1.0, 0.0, 0.0, -0.0, 0.0, 1.0, 0.0, 0.3, 0.0, 0.0, 1.0, -0.0, 0.0, 0.0, 0.0, 1.0],
                [1.0, 0.0, 0.0, 0.0, 0.0, 1.0, -0.0, 0.3, 0.0, 0.0, 1.0, -0.0, 0.0, 0.0, 0.0, 1.0],
                [1.0, 0.0, -0.0, 0.0, 0.0, 1.0, 0.0, 0.3, 0.0, 0.0, 1.0, 0.0, 0.0, 0.0, 0.0, 1.0],
                [1.0, 0.0, -0.0, 0.0, -0.0, 1.0, -0.0, 0.3, -0.0, 0.0, 1.0, -0.0, 0.0, 0.0, 0.0, 1.0],
                [1.0, 0.0, 0.0, -0.0, 0.0, 1.0, 0.0, 0.3, 0.0, 0.0, 1.0, -0.0, 0.0, 0.0, 0.0, 1.0]
            ]
        },
        {
            "name": "Head",
            "time": [0.0, 0.3333, 0.6667, 1.0, 1.3333],
            "transform": [
                [0.893201, 0.0, 0.449658, -0.0, 0.0, 1.0, 0.0, 0.4, -0.449659, 0.0, 0.893201, 0.0, 0.0, 0.0, 0.0, 1.0],
                [0.893201, -0.0, 0.449658, 0.0, 0.0, 1.0, -0.0, 0.4, -0.449659, -0.0, 0.893201, -0.0, 0.0, 0.0, 0.0, 1.0],
                [0.893201, 0.0, 0.449659, -0.0, 0.0, 1.0, 0.0, 0.4, -0.449659, -0.0, 0.893201, -0.0, 0.0, 0.0, 0.0, 1.0],
                [0.893201, 0.0, 0.449658, 0.0, -0.0, 1.0, -0.0, 0.4, -0.449659, 0.0, 0.893201, 0.0, 0.0, 0.0, 0.0, 1.0],
                [0.893201, 0.0, 0.449658, -0.0, 0.0, 1.0, 0.0, 0.4, -0.449659, 0.0, 0.893201, 0.0, 0.0, 0.0, 0.0, 1.0]
            ]
        },
        {
            "name": "Shoulder_R",
            "time": [0.0, 0.3333, 0.6667, 1.0, 1.3333],
            "transform": [
                [0.0, 0.952114, 0.305743, -0.0, 0.0, -0.305743, 0.952114, 0.4, 1.0, 0.0, -0.0, 0.0, 0.0, 0.0, 0.0, 1.0],
                [0.0, 0.952114, 0.305743, 0.0, 0.0, -0.305743, 0.952114, 0.4, 1.0, -0.0, -0.0, -0.0, 0.0, 0.0, 0.0, 1.0],
                [0.0, 0.952114, 0.305743, -0.0, 0.0, -0.305743, 0.952114, 0.4, 1.0, -0.0, -0.0, -0.0, 0.0, 0.0, 0.0, 1.0],
                [0.0, 0.952114, 0.305743, 0.0, 0.0, -0.305743, 0.952114, 0.4, 1.0, -0.0, -0.0, 0.0, 0.0, 0.0, 0.0, 1.0],
                [0.0, 0.952114, 0.305743, -0.0, 0.0, -0.305743, 0.952114, 0.4, 1.0, 0.0, -0.0, 0.0, 0.0, 0.0, 0.0, 1.0]
            ]
        },
        {
            "name": "Arm_R",
            "time": [0.0, 0.3333, 0.6667, 1.0, 1.3333],