{
    "animation": [
        {
            "name": "Root",
            "time": [0.0, 0.2167, 0.3, 0.5, 0.75],
            "transform": [
                [1.0, 0.0, 0.0, -5e-06, 0.0, 0.0, -1.0, 0.000946, 0.0, 1.0, 0.0, 0.488915, 0.0, 0.0, 0.0, 1.0],
                [1.0, 0.0, 0.0, -5e-06, 0.0, 0.0, -1.0, -0.417889, 0.0, 1.0, 0.0, 0.326074, 0.0, 0.0, 0.0, 1.0],
                [1.0, 0.0, 0.0, -5e-06, 0.0, 0.0, -1.0, -0.197653, 0.0, 1.0, 0.0, 0.35181, 0.0, 0.0, 0.0, 1.0],
                [1.0, 0.0, 0.0, -5e-06, 0.0, 0.0, -1.0, 0.820493, 0.0, 1.0, 0.0, 0.499272, 0.0, 0.0, 0.0, 1.0],
                [1.0, 0.0, 0.0, -5e-06, 0.0, 0.0, -1.0, 1.004144, 0.0, 1.0, 0.0, 0.552993, 0.0, 0.0, 0.0, 1.0]
            ]
        },
        {
            "name": "Thigh_R",
            "time": [0.0, 0.2167, 0.3, 0.5, 0.75],
            "transform": [
                [0.985653, -0.096665, -0.138359, 0.124994, 0.050303, -0.614255, 0.787502, -0.002831, -0.161112, -0.783162, -0.600581, -1.2e-05, 0.0, 0.0, 0.0, 1.0],
                [0.997602, -0.061691, 0.031358, 0.124994, -0.020582, 0.168137, 0.985549, -0.002831, -0.066072, -0.98383, 0.166464, -1.2e-05, 0.0, 0.0, 0.0, 1.0],
                [0.999692, -0.024427, 0.004248, 0.124994, -0.005197, -0.03892, 0.999229, -0.002831, -0.024243, -0.998942, -0.039035, -1.2e-05, 0.0, 0.0, 0.0, 1.0],
                [0.996829, 0.035749, 0.071086, 0.124994, 0.078157, -0.607496, -0.790468, -0.002831, 0.014926, 0.793516, -0.608365, -1.2e-05, 0.0, 0.0, 0.0, 1.0],
                [0.986859, 0.031708, 0.158443, 0.124994, 0.133387, -0.713296, -0.688052, -0.002831, 0.0912, 0.700143, -0.708153, -1.2e-05, 0.0, 0.0, 0.0, 1.0]
            ]
        },
        {
            "name": "Leg_R",
            "time": [0.0, 0.2167, 0.3, 0.5, 0.75],
            "transform": [
                [1.0, -0.0, 1e-06, -0.0, 0.0, 0.999992, 0.00471, 0.374726, -1e-06, -0.00471, 0.999986, -0.0, 0.0, 0.0, 0.0, 1.0],
                [1.0, -1e-06, 0.0, -0.0, -0.0, -0.145477, 0.989361, 0.374726, -1e-06, -0.989363, -0.145477, 0.0, 0.0, 0.0, 0.0, 1.0],
                [1.0, -1e-06, -0.0, 0.0, -0.0, -0.474258, 0.880385, 0.374726, -1e-06, -0.880387, -0.474255, 0.0, 0.0, 0.0, 0.0, 1.0],
                [1.0, -0.0, 1e-06, -0.0, -0.0, 0.999992, 0.004751, 0.374726, -1e-06, -0.004751, 0.999986, -0.0, 0.0, 0.0, 0.0, 1.0],
                [1.0, -0.0, 1e-06, -0.0, 0.0, 0.999991, 0.004873, 0.374726, -1e-06, -0.004873, 0.999985, -0.0, 0.0, 0.0, 0.0, 1.0]
            ]
        },
        {
            "name": "Knee_R",
            "time": [0.0, 0.75],
            "transform": [
                [1.0, 0.0, -0.0, -0.0, -0.0, 0.00567, -0.999984, 0.374726, -0.0, 0.999984, 0.00567, -0.0, 0.0, 0.0, 0.0, 1.0],
                [1.0, 0.0, -0.0, -0.0, -0.0, 0.00567, -0.999984, 0.374726, -0.0, 0.999984, 0.00567, 0.0, 0.0, 0.0, 0.0, 1.0]
            ]
        },
        {
            "name": "Thigh_L",
            "time": [0.0, 0.2167, 0.3, 0.5, 0.75],
            "transform": [
                [0.999824, -0.018603, -0.002382, -0.125006, -0.017842, -0.90431, -0.426502, -0.002831, 0.00578, 0.426469, -0.904484, -1.2e-05, 0.0, 0.0, 0.0, 1.0],
                [0.998574, -0.012588, -0.051873, -0.125006, -0.053301, -0.287423, -0.956319, -0.002831, -0.002871, 0.957721, -0.287684, -1.2e-05, 0.0, 0.0, 0.0, 1.0],
                [0.999172, -0.035304, -0.020203, -0.125006, -0.040656, -0.882099, -0.469305, -0.002831, -0.001253, 0.469738, -0.882805, -1.2e-05, 0.0, 0.0, 0.0, 1.0],
                [0.99954, -0.006724, 0.02956, -0.125006, -0.029744, -0.405955, 0.913409, -0.002831, 0.005858, -0.913868, -0.405969, -1.2e-05, 0.0, 0.0, 0.0, 1.0],
                [0.999562, -0.001699, 0.029538, -0.125006, -0.027114, -0.452146, 0.891532, -0.002831, 0.011841, -0.891942, -0.451994, -1.2e-05, 0.0, 0.0, 0.0, 1.0]
            ]
        },
        {
            "name": "Leg_L",
            "time": [0.0, 0.2167, 0.3, 0.5, 0.75],
            "transform": [
                [1.0, -0.0, 1e-06, 0.0, -0.0, 0.725178, 0.688561, 0.374726, -1e-06, -0.688561, 0.725178, 0.0, 0.0, 0.0, 0.0, 1.0],
                [1.0, -0.0, 1e-06, 0.0, -0.0, 0.999988, 0.004879, 0.374726, -1e-06, -0.004879, 0.999988, 0.0, 0.0, 0.0, 0.0, 1.0],
                [1.0, -1e-06, 1e-06, -0.0, -0.0, 0.389946, 0.920838, 0.374726, -1e-06, -0.920838, 0.389945, 0.0, 0.0, 0.0, 0.0, 1.0],
                [1.0, -0.0, 1e-06, 0.0, -0.0, 0.78071, 0.624893, 0.374726, -1e-06, -0.624893, 0.78071, -0.0, 0.0, 0.0, 0.0, 1.0],
                [1.0, -1e-06, 0.0, 0.0, -0.0, 0.292609, 0.956232, 0.374726, -1e-06, -0.956232, 0.292609, 0.0, 0.0, 0.0, 0.0, 1.0]
            ]
        },
        {
            "name": "Knee_L",
            "time": [0.0, 0.75],
            "transform": [
                [1.0, 0.0, -0.0, 0.0, -0.0, 0.00567, -0.999984, 0.398315, -0.0, 0.999984, 0.00567, -0.000134, 0.0, 0.0, 0.0, 1.0],
                [1.0, 0.0, -0.0, 0.0, -0.0, 0.00567, -0.999984, 0.452341, -0.0, 0.999984, 0.00567, -0.00044, 0.0, 0.0, 0.0, 1.0]
            ]
        },
        {
            "name": "Torso",
            "time": [0.0, 0.2167, 0.3, 0.5, 0.75],
            "transform": [
                [0.836645, 0.0, 0.547746, 0.0, 0.0, 1.0, 0.0, 0.05, -0.547746, 0.0, 0.836645, 0.0, 0.0, 0.0, 0.0, 1.0],
                [0.829305, 0.0, 0.558797, 0.0, 0.0, 1.0, 0.0, 0.05, -0.558797, 0.0, 0.829305, 0.0, 0.0, 0.0, 0.0, 1.0],
                [0.856088, 0.0, 0.516831, 0.0, 0.0, 1.0, 0.0, 0.05, -0.516831, 0.0, 0.856088, 0.0, 0.0, 0.0, 0.0, 1.0],
                [0.937885, 0.0, 0.346948, 0.0, 0.0, 1.0, 0.0, 0.05, -0.346948, 0.0, 0.937885, 0.0, 0.0, 0.0, 0.0, 1.0],
                [0.641848, 0.0, 0.766832, 0.0, 0.0, 1.0, 0.0, 0.05, -0.766832, 0.0, 0.641848, 0.0, 0.0, 0.0, 0.0, 1.0]
            ]
        },
        {
            "name": "Chest",
            "time": [0.0, 0.2167, 0.3, 0.5, 0.75],
            "transform": [
                [1.0, 0.0, 0.0, 0.0, 0.0, 1.0, 0.0, 0.3, 0.0, 0.0, 1.0, -0.0, 0.0, 0.0, 0.0, 1.0],
                [1.0, 0.0, 0.0, -0.0, 0.0, 1.0, 0.0, 0.3, -0.0, 0.0, 1.0, 0.0, 0.0, 0.0, 0.0, 1.0],
                [1.0, 0.0, 0.0, -0.0, 0.0, 1.0, 0.0, 0.3, 0.0, 0.0, 1.0, 0.0, 0.0, 0.0, 0.0, 1.0],
                [1.0, 0.0, 0.0, 0.0, 0.0, 1.0, 0.0, 0.3, 0.0, 0.0, 1.0, 0.0, 0.0, 0.0, 0.0, 1.0],
                [1.0, 0.0, -0.0, 0.0, 0.0, 1.0, 0.0, 0.3, 0.0, 0.0, 1.0, -0.0, 0.0, 0.0, 0.0, 1.0]
            ]
        },
        {
            "name": "Head",
            "time": [0.0, 0.2167, 0.3, 0.5, 0.75],
            "transform": [
                [0.977351, 0.0, -0.211624, 0.0, 0.0, 1.0, 0.0, 0.4, 0.211624, 0.0, 0.977351, 0.0, 0.0, 0.0, 0.0, 1.0],
                [0.823729, 0.0, -0.566984, -0.0, 0.0, 1.0, 0.0, 0.4, 0.566984, 0.0, 0.823729, -0.0, 0.0, 0.0, 0.0, 1.0],
                [0.84665, 0.0, -0.53215, -0.0, 0.0, 1.0, 0.0, 0.4, 0.53215, 0.0, 0.84665, 0.0, 0.0, 0.0, 0.0, 1.0],
                [0.919899, 0.0, -0.392156, -0.0, 0.0, 1.0, 0.0, 0.4, 0.392156, 0.0, 0.919899, 0.0, 0.0, 0.0, 0.0, 1.0],
                [0.837806, 0.0, -0.545968, 0.0, 0.0, 1.0, 0.0, 0.4, 0.545968, 0.0, 0.837806, -0.0, 0.0, 0.0, 0.0, 1.0]
            ]
        },
        {
            "name": "Shoulder_R",
            "time": [0.0, 0.2167, 0.3, 0.5, 0.75],
            "transform": [
                [0.0, 0.952114, 0.305743, 0.0, 0.0, -0.305743, 0.952114, 0.4, 1.0, 0.0, -0.0, 0.0, 0.0, 0.0, 0.0, 1.0],
                [0.0, 0.952114, 0.305743, -0.0, 0.0, -0.305743, 0.952114, 0.4, 1.0, 0.0, -0.0, -0.0, 0.0, 0.0, 0.0, 1.0],
                [0.0, 0.952114, 0.305743, -0.0, 0.0, -0.305743, 0.952114, 0.4, 1.0, 0.0, -0.0, 0.0, 0.0, 0.0, 0.0, 1.0],
                [0.0, 0.952114, 0.305743, -0.0, 0.0, -0.305743, 0.952114, 0.4, 1.0, 0.0, -0.0, 0.0, 0.0, 0.0, 0.0, 1.0],
                [0.0, 0.952114, 0.305743, 0.0, 0.0, -0.305743, 0.952114, 0.4, 1.0, -0.0, -0.0, -0.0, 0.0, 0.0, 0.0, 1.0]
            ]
        },
        {
            "name": "Arm_R",
            "time": [0.0, 0.2167, 0.3, 0.5, 0.75],