{
    "animation": [
        {
            "name": "Root",
            "time": [0.0, 0.2167, 0.3, 0.4167, 0.5833, 0.6667, 0.9],
            "transform": [
                [1.0, 0.0, 0.0, -5e-06, 0.0, 0.0, -1.0, -0.286593, 0.0, 1.0, 0.0, 0.474545, 0.0, 0.0, 0.0, 1.0],
                [1.0, 0.0, 0.0, -5e-06, 0.0, 0.0, -1.0, -0.436213, 0.0, 1.0, 0.0, 0.351115, 0.0, 0.0, 0.0, 1.0],
                [1.0, 0.0, 0.0, -5e-06, 0.0, 0.0, -1.0, -0.659346, 0.0, 1.0, 0.0, 0.298274, 0.0, 0.0, 0.0, 1.0],
                [1.0, 0.0, 0.0, -5e-06, 0.0, 0.0, -1.0, -0.141468, 0.0, 1.0, 0.0, 0.460194, 0.0, 0.0, 0.0, 1.0],
                [1.0, 0.0, 0.0, -5e-06, 0.0, 0.0, -1.0, 2.212093, 0.0, 1.0, 0.0, 0.583172, 0.0, 0.0, 0.0, 1.0],
                [1.0, 0.0, 0.0, -5e-06, 0.0, 0.0, -1.0, 3.156897, 0.0, 1.0, 0.0, 0.613351, 0.0, 0.0, 0.0, 1.0],
                [1.0, 0.0, 0.0, -5e-06, 0.0, 0.0, -1.0, 3.294837, 0.0, 1.0, 0.0, 0.558117, 0.0, 0.0, 0.0, 1.0]
            ]
        },
        {
            "name": "Thigh_R",
            "time": [0.0, 0.2167, 0.3, 0.4167, 0.5833, 0.6667, 0.9],
            "transform": [
                [1.0, 0.0, 0.0, 0.124994, -0.0, -0.232662, 0.972558, -0.002831, 1e-06, -0.972556, -0.232663, -1.2e-05, 0.0, 0.0, 0.0, 1.0],
                [1.0, 1e-06, 0.0, 0.124994, -0.0, 0.099929, 0.994995, -0.002831, 1e-06, -0.994993, 0.099929, -1.2e-05, 0.0, 0.0, 0.0, 1.0],
                [1.0, 1e-06, 0.0, 0.124994, -0.0, 0.234911, 0.972017, -0.002831, 1e-06, -0.972015, 0.234912, -1.2e-05, 0.0, 0.0, 0.0, 1.0],
                [1.0, 1e-06, 0.0, 0.124994, 0.0, -0.357434, 0.933939, -0.002831, 1e-06, -0.933936, -0.357435, -1.2e-05, 0.0, 0.0, 0.0, 1.0],
                [1.0, 0.0, 0.0, 0.124994, 0.0, -0.991262, -0.131899, -0.002831, 0.0, 0.131898, -0.991263, -1.2e-05, 0.0, 0.0, 0.0, 1.0],
                [1.0, -0.0, 0.0, 0.124994, 0.0, -0.735946, -0.677039, -0.002831, 0.0, 0.677037, -0.735948, -1.2e-05, 0.0, 0.0, 0.0, 1.0],
                [1.0, -0.0, 0.0, 0.124994, -0.0, -0.620016, -0.784589, -0.002831, 0.0, 0.784587, -0.620017, -1.2e-05, 0.0, 0.0, 0.0, 1.0]
            ]
        },
        {
            "name": "Leg_R",
            "time": [0.0, 0.2167, 0.3, 0.4167, 0.5833, 0.6667, 0.9],
            "transform": [
                [1.0, -1e-06, 0.0, 0.0, -0.0, 0.329212, 0.944255, 0.374726, -1e-06, -0.944257, 0.32921, -0.0, 0.0, 0.0, 0.0, 1.0],
                [1.0, -1e-06, 0.0, -0.0, -0.0, -0.160373, 0.987055, 0.374726, -1e-06, -0.987057, -0.160372, 0.0, 0.0, 0.0, 0.0, 1.0],
                [1.0, -1e-06, -0.0, -0.0, -0.0, -0.354884, 0.93491, 0.374726, -1e-06, -0.934912, -0.354882, -0.0, 0.0, 0.0, 0.0, 1.0],
                [1.0, -1e-06, 0.0, -0.0, -0.0, -0.220751, 0.975329, 0.374726, -1e-06, -0.975331, -0.22075, -0.0, 0.0, 0.0, 0.0, 1.0],
                [1.0, -1e-06, 0.0, -0.0, -0.0, 0.3289, 0.944364, 0.374726, -1e-06, -0.944366, 0.328898, 0.0, 0.0, 0.0, 0.0, 1.0],
                [1.0, -0.0, 1e-06, 0.0, -0.0, 0.999991, 0.00477, 0.374726, -1e-06, -0.00477, 0.999985, -0.0, 0.0, 0.0, 0.0, 1.0],
                [1.0, -0.0, 1e-06, 0.0, -0.0, 0.999991, 0.004842, 0.374726, -1e-06, -0.004842, 0.999985, 0.0, 0.0, 0.0, 0.0, 1.0]
            ]
        },
        {
            "name": "Knee_R",
            "time": [0.0, 0.9],
            "transform": [
                [1.0, 0.0, -0.0, 0.0, -0.0, 0.00567, -0.999984, 0.448296, -0.0, 0.999984, 0.00567, -0.000417, 0.0, 0.0, 0.0, 1.0],
                [1.0, 0.0, -0.0, 0.0, -0.0, 0.00567, -0.999984, 0.374726, -0.0, 0.999984, 0.00567, 0.0, 0.0, 0.0, 0.0, 1.0]
            ]
        },
        {
            "name": "Thigh_L",
            "time": [0.0, 0.2167, 0.3, 0.4167, 0.5833, 0.6667, 0.9],
            "transform": [
                [1.0, -0.0, 0.0, -0.125006, -0.0, -0.593188, -0.805064, -0.002831, 0.0, 0.805064, -0.593188, -1.2e-05, 0.0, 0.0, 0.0, 1.0],
                [1.0, -0.0, -0.0, -0.125006, -0.0, -0.39529, -0.918556, -0.002831, -0.0, 0.918556, -0.395291, -1.2e-05, 0.0, 0.0, 0.0, 1.0],
                [1.0, -0.0, -1e-06, -0.125006, -1e-06, -0.28847, -0.957489, -0.002831, -0.0, 0.957488, -0.28847, -1.2e-05, 0.0, 0.0, 0.0, 1.0],
                [1.0, 0.0, -0.0, -0.125006, 0.0, -0.895094, -0.445876, -0.002831, -0.0, 0.445876, -0.895095, -1.2e-05, 0.0, 0.0, 0.0, 1.0],
                [1.0, 0.0, 0.0, -0.125006, 0.0, -0.562392, 0.82687, -0.002831, 0.0, -0.82687, -0.562393, -1.2e-05, 0.0, 0.0, 0.0, 1.0],
                [1.0, 0.0, 0.0, -0.125006, 0.0, -0.758607, 0.651548, -0.002831, 0.0, -0.651548, -0.758607, -1.2e-05, 0.0, 0.0, 0.0, 1.0],
                [1.0, 0.0, 0.0, -0.125006, 0.0, -0.543895, 0.839153, -0.002831, 0.0, -0.839153, -0.543896, -1.2e-05, 0.0, 0.0, 0.0, 1.0]
            ]
        },
        {
            "name": "Leg_L",
            "time": [0.0, 0.2167, 0.3, 0.4167, 0.5833, 0.6667, 0.9],
            "transform": [
                [1.0, -0.0, 1e-06, 0.0, -0.0, 0.999989, 0.004721, 0.374726, -1e-06, -0.004721, 0.999989, -0.0, 0.0, 0.0, 0.0, 1.0],
                [1.0, -0.0, 1e-06, -0.0, -0.0, 0.999988, 0.004818, 0.374726, -1e-06, -0.004818, 0.999988, 0.0, 0.0, 0.0, 0.0, 1.0],
                [1.0, -0.0, 1e-06, -0.0, -0.0, 0.999988, 0.004799, 0.374726, -1e-06, -0.004799, 0.999988, -0.0, 0.0, 0.0, 0.0, 1.0],
                [1.0, -1e-06, 1e-06, 0.0, -0.0, 0.689886, 0.723918, 0.374726, -1e-06, -0.723917, 0.689886, -0.0, 0.0, 0.0, 0.0, 1.0],
                [1.0, -1e-06, 0.0, 0.0, -0.0, 0.292233, 0.956347, 0.374726, -1e-06, -0.956347, 0.292233, -0.0, 0.0, 0.0, 0.0, 1.0],
                [1.0, -1e-06, 0.0, 0.0, -0.0, 0.282884, 0.959154, 0.374726, -1e-06, -0.959154, 0.282884, 0.0, 0.0, 0.0, 0.0, 1.0],
                [1.0, -1e-06, 0.0, 0.0, -0.0, 0.139438, 0.990231, 0.374726, -1e-06, -0.99023, 0.139438, 0.0, 0.0, 0.0, 0.0, 1.0]
            ]
        },
        {
            "name": "Knee_L",
            "time": [0.0, 0.9],
            "transform": [
                [1.0, 0.0, -0.0, 0.0, -0.0, 0.00567, -0.999984, 0.374726, -0.0, 0.999984, 0.00567, -0.0, 0.0, 0.0, 0.0, 1.0],
                [1.0, 0.0, -0.0, 0.0, -0.0, 0.00567, -0.999984, 0.468839, -0.0, 0.999984, 0.00567, -0.000534, 0.0, 0.0, 0.0, 1.0]
            ]
        },
        {
            "name": "Torso",
            "time": [0.0, 0.2167, 0.3, 0.4167, 0.5833, 0.6667, 0.9],
            "transform": [
                [0.911714, -0.223073, 0.344987, 0.0, 0.084533, 0.923635, 0.373835, 0.05, -0.402035, -0.311667, 0.860948, 0.0, 0.0, 0.0, 0.0, 1.0],
                [0.911714, -0.223073, 0.344987, 0.0, -0.0, 0.839741, 0.542988, 0.05, -0.410826, -0.495049, 0.765603, 0.0, 0.0, 0.0, 0.0, 1.0],
                [0.911714, -0.223073, 0.344987, 0.0, -0.0, 0.839741, 0.542988, 0.05, -0.410826, -0.495049, 0.765603, 0.0, 0.0, 0.0, 0.0, 1.0],
                [0.911714, -0.223073, 0.344987, 0.0, -0.0, 0.839741, 0.542988, 0.05, -0.410826, -0.495049, 0.765603, 0.0, 0.0, 0.0, 0.0, 1.0],
                [0.904801, 0.079783, -0.418295, 0.0, 0.104285, 0.910866, 0.399308, 0.05, 0.412868, -0.404916, 0.815832, 0.0, 0.0, 0.0, 0.0, 1.0],
                [0.799999, 0.068334, -0.596098, 0.0, 0.022085, 0.989467, 0.143067, 0.05, 0.599595, -0.127618, 0.790063, 0.0, 0.0, 0.0, 0.0, 1.0],
                [0.658517, 0.093276, -0.746763, 0.0, 0.022085, 0.989467, 0.143067, 0.05, 0.752242, -0.110704, 0.64952, 0.0, 0.0, 0.0, 0.0, 1.0]
            ]
        },
        {
            "name": "Chest",
            "time": [0.0, 0.2167, 0.3, 0.4167, 0.5833, 0.6667, 0.9],