{
    "animation": [
        {
            "name": "Root",
            "time": [0.0, 0.0833, 0.25, 0.4167, 0.6667],
            "transform": [
                [1.0, 0.0, 0.0, -5e-06, 0.0, 0.0, -1.0, 0.400982, 0.0, 1.0, 0.0, 0.552798, 0.0, 0.0, 0.0, 1.0],
                [1.0, 0.0, 0.0, -5e-06, 0.0, 0.0, -1.0, 0.342112, 0.0, 1.0, 0.0, 0.602932, 0.0, 0.0, 0.0, 1.0],
                [1.0, 0.0, 0.0, -5e-06, 0.0, 0.0, -1.0, 0.581006, 0.0, 1.0, 0.0, 0.589395, 0.0, 0.0, 0.0, 1.0],
                [1.0, 0.0, 0.0, -5e-06, 0.0, 0.0, -1.0, 0.858376, 0.0, 1.0, 0.0, 0.645782, 0.0, 0.0, 0.0, 1.0],
                [1.0, 0.0, 0.0, -5e-06, 0.0, 0.0, -1.0, 0.925535, 0.0, 1.0, 0.0, 0.607939, 0.0, 0.0, 0.0, 1.0]
            ]
        },
        {
            "name": "Thigh_R",
            "time": [0.0, 0.0833, 0.25, 0.4167, 0.6667],
            "transform": [
                [0.998833, 0.046818, -0.011824, 0.124994, 0.031492, -0.445952, 0.894503, -0.002831, 0.036605, -0.893829, -0.446907, -1.2e-05, 0.0, 0.0, 0.0, 1.0],
                [0.999064, 0.04296, -0.004929, 0.124994, 0.028787, -0.575708, 0.817148, -0.002831, 0.032268, -0.816524, -0.576408, -1.2e-05, 0.0, 0.0, 0.0, 1.0],
                [0.997808, 0.065936, -0.005588, 0.124994, 0.048279, -0.667651, 0.742907, -0.002831, 0.045254, -0.741547, -0.669372, -1.2e-05, 0.0, 0.0, 0.0, 1.0],
                [0.993384, 0.088369, 0.073334, 0.124994, 0.094335, -0.992128, -0.082332, -0.002831, 0.065481, 0.088705, -0.993904, -1.2e-05, 0.0, 0.0, 0.0, 1.0],
                [0.98716, 0.107047, 0.118557, 0.124994, 0.131077, -0.967051, -0.218239, -0.002831, 0.091289, 0.230976, -0.968667, -1.2e-05, 0.0, 0.0, 0.0, 1.0]
            ]
        },
        {
            "name": "Leg_R",
            "time": [0.0, 0.0833, 0.25, 0.4167, 0.6667],
            "transform": [
                [1.0, -1e-06, 1e-06, -0.0, -0.0, 0.391329, 0.92025, 0.374726, -1e-06, -0.920252, 0.391327, -0.0, 0.0, 0.0, 0.0, 1.0],
                [1.0, -1e-06, 1e-06, -0.0, -0.0, 0.685989, 0.727613, 0.374726, -1e-06, -0.727615, 0.685985, 0.0, 0.0, 0.0, 0.0, 1.0],
                [1.0, -1e-06, 0.0, -0.0, -0.0, 0.06861, 0.997642, 0.374726, -1e-06, -0.997644, 0.068609, 0.0, 0.0, 0.0, 0.0, 1.0],
                [1.0, -1e-06, 1e-06, -0.0, -0.0, 0.552372, 0.833598, 0.374726, -1e-06, -0.833599, 0.552369, -0.0, 0.0, 0.0, 0.0, 1.0],
                [1.0, -1e-06, 1e-06, 0.0, -0.0, 0.598141, 0.801391, 0.374726, -1e-06, -0.801393, 0.598137, -0.0, 0.0, 0.0, 0.0, 1.0]
            ]
        },
        {
            "name": "Knee_R",
            "time": [0.0, 0.6667],
            "transform": [
                [1.0, 0.0, -0.0, 0.0, -0.0, 0.00567, -0.999984, 0.4413, -0.0, 0.999984, 0.00567, -0.000377, 0.0, 0.0, 0.0, 1.0],
                [1.0, 0.0, -0.0, 0.0, -0.0, 0.00567, -0.999984, 0.416184, -0.0, 0.999984, 0.00567, -0.000235, 0.0, 0.0, 0.0, 1.0]
            ]
        },
        {
            "name": "Thigh_L",
            "time": [0.0, 0.0833, 0.25, 0.4167, 0.6667],
            "transform": [
                [0.997009, -0.049975, -0.058946, -0.125006, -0.070706, -0.897749, -0.434795, -0.002831, -0.03119, 0.437662, -0.898598, -1.2e-05, 0.0, 0.0, 0.0, 1.0],
                [0.998205, -0.048471, -0.035159, -0.125006, -0.051859, -0.993337, -0.102918, -0.002831, -0.029936, 0.104556, -0.994068, -1.2e-05, 0.0, 0.0, 0.0, 1.0],
                [0.998207, -0.054807, -0.024063, -0.125006, -0.042531, -0.93231, 0.35915, -0.002831, -0.042118, -0.357483, -0.932969, -1.2e-05, 0.0, 0.0, 0.0, 1.0],
                [0.995547, -0.056247, -0.075645, -0.125006, 0.022161, -0.640329, 0.767781, -0.002831, -0.091623, -0.766038, -0.636231, -1.2e-05, 0.0, 0.0, 0.0, 1.0],
                [0.994824, -0.072877, -0.070805, -0.125006, 0.016063, -0.575274, 0.817803, -0.002831, -0.100331, -0.814707, -0.571126, -1.2e-05, 0.0, 0.0, 0.0, 1.0]
            ]
        },
        {
            "name": "Leg_L",
            "time": [0.0, 0.0833, 0.25, 0.4167, 0.6667],
            "transform": [
                [1.0, -1e-06, 1e-06, -0.0, -0.0, 0.574934, 0.818199, 0.374726, -1e-06, -0.818199, 0.574934, 0.0, 0.0, 0.0, 0.0, 1.0],
                [1.0, -1e-06, 0.0, -0.0, -0.0, 0.316765, 0.948504, 0.374726, -1e-06, -0.948504, 0.316765, -0.0, 0.0, 0.0, 0.0, 1.0],
                [1.0, -1e-06, 0.0, 0.0, -0.0, -0.004815, 0.999988, 0.374726, -1e-06, -0.999988, -0.004815, 0.0, 0.0, 0.0, 0.0, 1.0],
                [1.0, -1e-06, 1e-06, 0.0, -0.0, 0.608829, 0.793301, 0.374726, -1e-06, -0.793301, 0.608829, -0.0, 0.0, 0.0, 0.0, 1.0],
                [1.0, -1e-06, 0.0, -0.0, -0.0, 0.334155, 0.942518, 0.374726, -1e-06, -0.942518, 0.334155, -0.0, 0.0, 0.0, 0.0, 1.0]
            ]
        },
        {
            "name": "Knee_L",
            "time": [0.0, 0.6667],
            "transform": [
                [1.0, 0.0, -0.0, -0.0, -0.0, 0.00567, -0.999984, 0.419194, -0.0, 0.999984, 0.00567, -0.000252, 0.0, 0.0, 0.0, 1.0],
                [1.0, 0.0, -0.0, 0.0, -0.0, 0.00567, -0.999984, 0.447745, -0.0, 0.999984, 0.00567, -0.000414, 0.0, 0.0, 0.0, 1.0]
            ]
        },
        {
            "name": "Torso",
            "time": [0.0, 0.0833, 0.25, 0.4167, 0.6667],
            "transform": [
                [0.974218, -0.111969, 0.195862, 0.0, 0.097579, 0.991872, 0.081663, 0.05, -0.203414, -0.060445, 0.977225, 0.0, 0.0, 0.0, 0.0, 1.0],
                [0.693288, -0.168846, 0.700602, 0.0, 0.127236, 0.985572, 0.111617, 0.05, -0.70934, 0.011759, 0.704768, 0.0, 0.0, 0.0, 0.0, 1.0],
                [0.990121, -0.08845, -0.108796, 0.0, 0.097579, 0.991872, 0.081663, 0.05, 0.100689, -0.091473, 0.990704, 0.0, 0.0, 0.0, 0.0, 1.0],
                [0.833964, -0.036713, -0.550596, 0.0, 0.097579, 0.991872, 0.081663, 0.05, 0.543123, -0.121831, 0.830768, 0.0, 0.0, 0.0, 0.0, 1.0],
                [0.654212, -0.002092, -0.756308, 0.0, 0.097579, 0.991872, 0.081663, 0.05, 0.74999, -0.127225, 0.649099, 0.0, 0.0, 0.0, 0.0, 1.0]
            ]
        },
        {
            "name": "Chest",
            "time": [0.0, 0.0833, 0.25, 0.4167, 0.6667],
            "transform": [
                [1.0, 0.0, -0.0, -0.0, 0.0, 1.0, 0.0, 0.3, 0.0, -0.0, 1.0, 0.0, 0.0, 0.0, 0.0, 1.0],
                [1.0, -0.0, -0.0, 0.0, -0.0, 1.0, -0.0, 0.3, 0.0, -0.0, 1.0, 0.0, 0.0, 0.0, 0.0, 1.0],
                [1.0, -0.0, -0.0, 0.0, -0.0, 1.0, -0.0, 0.3, 0.0, 0.0, 1.0, -0.0, 0.0, 0.0, 0.0, 1.0],
                [1.0, -0.0, 0.0, -0.0, 0.0, 1.0, 0.0, 0.3, -0.0, 0.0, 1.0, -0.0, 0.0, 0.0, 0.0, 1.0],
                [1.0, 0.0, -0.0, 0.0, 0.0, 1.0, -0.0, 0.3, -0.0, 0.0, 1.0, -0.0, 0.0, 0.0, 0.0, 1.0]
            ]
        },
        {
            "name": "Head",
            "time": [0.0, 0.0833, 0.25, 0.4167, 0.6667],
            "transform": [
                [0.982752, 0.091111, -0.160925, -0.0, -0.08742, 0.995723, 0.029885, 0.4, 0.16296, -0.015301, 0.986514, 0.0, 0.0, 0.0, 0.0, 1.0],
                [0.957583, 0.106634, -0.267701, -0.0, -0.097374, 0.994105, 0.047672, 0.4, 0.271207, -0.019582, 0.962322, 0.0, 0.0, 0.0, 0.0, 1.0],
                [0.992896, 0.066216, 0.098855, -0.0, -0.0669, 0.997753, 0.003621, 0.4, -0.098393, -0.010209, 0.995095, -0.0, 0.0, 0.0, 0.0, 1.0],
                [0.875438, 0.032468, 0.48224, -0.0, -0.0237, 0.999425, -0.024266, 0.4, -0.48275, 0.009814, 0.875703, 0.0, 0.0, 0.0, 0.0, 1.0],
                [0.875438, 0.032468, 0.48224, 0.0, -0.0237, 0.999425, -0.024266, 0.4, -0.48275, 0.009814, 0.875703, -0.0, 0.0, 0.0, 0.0, 1.0]
            ]
        },
        {
            "name": "Shoulder_R",
            "time": [0.0, 0.0833, 0.25, 0.4167, 0.6667],